Time (%),Total Time (ns),Instances,Avg (ns),Med (ns),Min (ns),Max (ns),StdDev (ns),Name
19.2,9115297205,12456,731799.7,283489.0,11392,8478464,1666277.0,"fmha_cutlassF_f32_aligned_64x64_rf_sm80(PyTorchMemEffAttention::AttentionKernel<float, cutlass::arch::Sm80, (bool)1, (int)64, (int)64, (int)64, (bool)1, (bool)1>::Params)"
10.4,4916110934,18528,265334.1,69472.0,61184,3026458,525251.1,void cutlass::Kernel<cutlass_80_tensorop_s1688gemm_256x128_16x3_nn_align4>(T1::Params)
9.1,4306305289,951,4528186.4,1521319.0,1282213,52508845,10809843.1,void cutlass::Kernel<cutlass_80_tensorop_s1688gemm_128x128_32x3_tn_align1>(T1::Params)
8.3,3925179805,37368,105041.2,38528.0,1216,1184137,237365.3,"void at::native::vectorized_elementwise_kernel<(int)4, at::native::AUnaryFunctor<float, float, float, at::native::binary_internal::MulFunctor<float>>, at::detail::Array<char *, (int)2>>(int, T2, T3)"
6.0,2849034546,38297,74393.2,10560.0,1248,1767279,221961.3,"void at::native::vectorized_elementwise_kernel<(int)4, at::native::CUDAFunctor_add<float>, at::detail::Array<char *, (int)3>>(int, T2, T3)"
4.7,2234188846,1872,1193476.9,1024407.5,343522,2863189,789093.3,void cutlass::Kernel<cutlass_80_tensorop_s1688gemm_128x256_16x3_nn_align4>(T1::Params)
4.1,1949800713,12464,156434.6,57120.0,1280,1766189,353867.7,"void at::native::vectorized_elementwise_kernel<(int)4, at::native::BinaryFunctor<float, float, float, at::native::binary_internal::MulFunctor<float>>, at::detail::Array<char *, (int)3>>(int, T2, T3)"
3.9,1870592322,28495,65646.3,28576.0,2080,1177450,169942.4,"void at::native::elementwise_kernel<(int)128, (int)2, void at::native::gpu_kernel_impl_nocast<at::native::CUDAFunctor_add<float>>(at::TensorIteratorBase &, const T1 &)::[lambda(int) (instance 1)]>(int, T3)"
3.3,1564481387,21720,72029.5,90753.0,33120,379330,50432.3,void cutlass::Kernel<cutlass_80_tensorop_s1688gemm_128x128_16x5_nn_align4>(T1::Params)
2.8,1315901848,12456,105644.0,39008.0,1536,1184138,237471.2,"void at::native::vectorized_elementwise_kernel<(int)4, at::native::tanh_kernel_cuda(at::TensorIteratorBase &)::[lambda() (instance 2)]::operator ()() const::[lambda() (instance 2)]::operator ()() const::[lambda(float) (instance 1)], at::detail::Array<char *, (int)2>>(int, T2, T3)"
2.8,1312411218,12456,105363.8,38720.0,1248,1182409,237331.2,"void at::native::vectorized_elementwise_kernel<(int)4, void at::native::<unnamed>::pow_tensor_scalar_kernel_impl<float, float>(at::TensorIteratorBase &, T2)::[lambda(float) (instance 2)], at::detail::Array<char *, (int)2>>(int, T2, T3)"
2.8,1312253979,12456,105351.2,38752.0,1248,1183146,237331.5,"void at::native::vectorized_elementwise_kernel<(int)4, at::native::CUDAFunctorOnSelf_add<float>, at::detail::Array<char *, (int)2>>(int, T2, T3)"
2.7,1291062635,23924,53965.2,5120.0,1216,1182250,156360.4,"void at::native::vectorized_elementwise_kernel<(int)4, at::native::AbsFunctor<float>, at::detail::Array<char *, (int)2>>(int, T2, T3)"
2.4,1144068014,23924,47820.9,11712.0,2592,1422604,131309.1,"void at::native::reduce_kernel<(int)512, (int)1, at::native::ReduceOp<float, at::native::func_wrapper_t<float, at::native::MaxNanFunctor<float>>, unsigned int, float, (int)4>>(T3)"
2.0,965459463,11861,81397.8,13536.0,2080,1863121,221911.7,"FakeQuantColDir(float *, float *, float *, float *, int, int)"
2.0,962038685,873,1101991.6,1103781.0,915684,1109733,19018.7,"void at::native::<unnamed>::cunn_SoftMaxForward<(int)4, float, float, float, at::native::<unnamed>::LogSoftMaxForwardEpilogue>(T4 *, const T2 *, int)"
1.7,808835155,25950,31169.0,9984.0,3520,388099,75397.0,"void at::native::<unnamed>::vectorized_layer_norm_kernel<float, float>(int, T2, const T1 *, const T1 *, const T1 *, T2 *, T2 *, T1 *)"
1.7,795154071,24912,31918.5,13536.0,2592,355171,65772.7,"void at::native::<unnamed>::CatArrayBatchedCopy<at::native::<unnamed>::OpaqueType<(unsigned int)4>, unsigned int, (int)4, (int)64, (int)64>(T1 *, at::native::<unnamed>::CatArrInputTensorMetadata<T1, T2, T4, T5>, at::native::<unnamed>::TensorSizeStride<T2, (unsigned int)4>, int, T2)"
1.6,756361874,23940,31594.1,8288.0,1728,1210985,116576.9,"void at::native::elementwise_kernel<(int)128, (int)2, void at::native::gpu_kernel_impl_nocast<at::native::BinaryFunctor<float, float, float, at::native::binary_internal::DivFunctor<float>>>(at::TensorIteratorBase &, const T1 &)::[lambda(int) (instance 1)]>(int, T3)"
1.6,753429832,23924,31492.6,7488.5,1760,1210475,116797.6,"void at::native::elementwise_kernel<(int)128, (int)2, void at::native::gpu_kernel_impl_nocast<at::native::BinaryFunctor<float, float, float, at::native::binary_internal::MulFunctor<float>>>(at::TensorIteratorBase &, const T1 &)::[lambda(int) (instance 1)]>(int, T3)"
1.5,709767825,5880,120708.8,122465.0,24288,125440,11308.7,void cutlass::Kernel<cutlass_80_tensorop_s1688gemm_128x128_32x3_nn_align4>(T1::Params)
1.4,659263511,11978,55039.5,5568.0,1280,1183657,156816.7,"void at::native::vectorized_elementwise_kernel<(int)4, at::native::<unnamed>::launch_clamp_scalar(at::TensorIteratorBase &, c10::Scalar, c10::Scalar, at::native::detail::ClampLimits)::[lambda() (instance 1)]::operator ()() const::[lambda() (instance 7)]::operator ()() const::[lambda(float) (instance 1)], at::detail::Array<char *, (int)2>>(int, T2, T3)"
1.4,650096366,11962,54346.8,4288.0,1216,1449291,157271.2,"void at::native::vectorized_elementwise_kernel<(int)4, at::native::round_kernel_cuda(at::TensorIteratorBase &)::[lambda() (instance 1)]::operator ()() const::[lambda() (instance 2)]::operator ()() const::[lambda(float) (instance 1)], at::detail::Array<char *, (int)2>>(int, T2, T3)"
0.9,435209804,11962,36382.7,7680.0,1344,776615,95659.6,"TensorAbsMax(float *, float *, int, int)"
0.7,319272007,78,4093230.9,3988952.5,923494,7469647,3186585.4,void cutlass::Kernel<cutlass_80_tensorop_s1688gemm_256x128_16x3_tn_align1>(T1::Params)
0.2,80751652,35886,2250.2,1536.0,1120,72097,5319.3,"void at::native::vectorized_elementwise_kernel<(int)4, at::native::BUnaryFunctor<float, float, float, at::native::binary_internal::MulFunctor<float>>, at::detail::Array<char *, (int)2>>(int, T2, T3)"
0.1,68389213,11962,5717.2,1536.0,1344,122497,16020.8,"void at::native::vectorized_elementwise_kernel<(int)4, at::native::<unnamed>::where_kernel_impl(at::TensorIterator &)::[lambda() (instance 1)]::operator ()() const::[lambda() (instance 7)]::operator ()() const::[lambda(bool, float, float) (instance 1)], at::detail::Array<char *, (int)4>>(int, T2, T3)"
0.1,55152489,11964,4609.9,3168.0,1760,53217,6211.7,"void at::native::unrolled_elementwise_kernel<at::native::direct_copy_kernel_cuda(at::TensorIteratorBase &)::[lambda() (instance 3)]::operator ()() const::[lambda() (instance 7)]::operator ()() const::[lambda(float) (instance 1)], at::detail::Array<char *, (int)2>, TrivialOffsetCalculator<(int)1, unsigned int>, TrivialOffsetCalculator<(int)1, unsigned int>, at::native::memory::LoadWithCast<(int)1>, at::native::memory::StoreWithCast<(int)1>>(int, T1, T2, T3, T4, T5, T6)"
0.1,46579910,23924,1947.0,1504.0,992,36000,3227.1,"void at::native::vectorized_elementwise_kernel<(int)4, at::native::FillFunctor<float>, at::detail::Array<char *, (int)1>>(int, T2, T3)"
0.1,43729563,2058,21248.6,11904.0,6528,362498,51367.0,"void at::native::<unnamed>::indexSelectLargeIndex<float, long, unsigned int, (int)2, (int)2, (int)-2, (bool)1>(at::cuda::detail::TensorInfo<T1, T3>, at::cuda::detail::TensorInfo<const T1, T3>, at::cuda::detail::TensorInfo<const T2, T3>, int, int, T3, T3, long)"
0.1,35983025,11962,3008.1,1472.0,1344,48960,6204.8,"void at::native::vectorized_elementwise_kernel<(int)4, at::native::float8_copy_kernel_cuda(at::TensorIteratorBase &)::[lambda(float) (instance 1)], at::detail::Array<char *, (int)2>>(int, T2, T3)"
0.1,33937181,11962,2837.1,1344.0,1216,48736,6191.5,"void at::native::vectorized_elementwise_kernel<(int)4, at::native::AUnaryFunctor<float, float, bool, at::native::<unnamed>::CompareEqFunctor<float>>, at::detail::Array<char *, (int)2>>(int, T2, T3)"
0.1,25477045,624,40828.6,40768.0,22880,59648,17251.0,void cutlass::Kernel<cutlass_80_tensorop_s1688gemm_128x64_16x6_nn_align4>(T1::Params)
0.0,22613377,408,55424.9,67168.0,33248,73153,16923.9,void cutlass::Kernel<cutlass_80_tensorop_s1688gemm_128x128_16x4_nn_align4>(T1::Params)
0.0,22014139,578,38086.7,27984.0,7296,85888,28806.7,void cutlass::Kernel<cutlass_80_tensorop_s1688gemm_64x64_32x6_nn_align4>(T1::Params)
0.0,17780749,873,20367.4,20320.0,15904,27360,793.3,"void at::native::<unnamed>::nll_loss_forward_reduce_cuda_kernel_2d<float, float, long>(T1 *, T1 *, const T1 *, const T3 *, const T1 *, bool, long, long, long, long)"
0.0,3633165,9,403685.0,403810.0,397217,409954,4190.5,ampere_sgemm_128x32_tn
0.0,3415648,214,15961.0,15952.0,13184,19233,2425.2,void cutlass::Kernel<cutlass_80_tensorop_s1688gemm_64x64_16x6_nn_align4>(T1::Params)
0.0,2909451,101,28806.4,36608.0,9408,39488,11638.9,"FakeQuantRowDir(float *, float *, float *, float *, int, int)"
0.0,2412043,1737,1388.6,1568.0,1088,2176,261.1,"void at::native::vectorized_elementwise_kernel<(int)4, at::native::FillFunctor<long>, at::detail::Array<char *, (int)1>>(int, T2, T3)"
0.0,1486119,1038,1431.7,1376.0,1312,2368,177.6,"void at::native::vectorized_elementwise_kernel<(int)4, at::native::CUDAFunctorOnSelf_add<long>, at::detail::Array<char *, (int)2>>(int, T2, T3)"
0.0,1229545,1038,1184.5,1088.0,1056,2208,228.2,"void <unnamed>::elementwise_kernel_with_index<int, at::native::arange_cuda_out(const c10::Scalar &, const c10::Scalar &, const c10::Scalar &, at::Tensor &)::[lambda() (instance 1)]::operator ()() const::[lambda() (instance 4)]::operator ()() const::[lambda(long) (instance 1)]>(T1, T2, function_traits<T2>::result_type *)"
0.0,437600,246,1778.9,1760.0,1664,2208,89.4,"void splitKreduce_kernel<(int)32, (int)16, int, float, float, float, float, (bool)1, (bool)1, (bool)0>(cublasSplitKParams<T6>, const T4 *, const T5 *, T5 *, const T6 *, const T6 *, const T7 *, const T4 *, T7 *, void *, long, T6 *, int *)"
0.0,136576,32,4268.0,4048.0,2816,6016,885.3,"void at::native::reduce_kernel<(int)512, (int)1, at::native::ReduceOp<float, at::native::NormTwoOps<float, float, float>, unsigned int, float, (int)4>>(T3)"
0.0,102496,7,14642.3,14848.0,13184,15968,959.8,"void at::native::reduce_kernel<(int)512, (int)1, at::native::ReduceOp<float, at::native::ArgMaxOps<float>, unsigned int, long, (int)4>>(T3)"
0.0,90945,18,5052.5,4960.0,4320,6112,593.8,"void at::native::<unnamed>::indexSelectSmallIndex<float, long, unsigned int, (int)2, (int)2, (int)-2>(at::cuda::detail::TensorInfo<T1, T3>, at::cuda::detail::TensorInfo<const T1, T3>, at::cuda::detail::TensorInfo<const T2, T3>, int, int, T3, long)"
0.0,88256,52,1697.2,1632.0,1568,2144,151.8,"void splitKreduce_kernel<(int)32, (int)16, int, float, float, float, float, (bool)1, (bool)0, (bool)0>(cublasSplitKParams<T6>, const T4 *, const T5 *, T5 *, const T6 *, const T6 *, const T7 *, const T4 *, T7 *, void *, long, T6 *, int *)"
0.0,34976,8,4372.0,4064.0,3456,5728,851.3,"void at::native::reduce_kernel<(int)512, (int)1, at::native::ReduceOp<float, at::native::func_wrapper_t<float, at::native::sum_functor<float, float, float>::operator ()(at::TensorIterator &)::[lambda(float, float) (instance 1)]>, unsigned int, float, (int)4>>(T3)"
0.0,11968,8,1496.0,1520.0,1376,1600,113.1,"void at::native::vectorized_elementwise_kernel<(int)4, at::native::BinaryFunctor<float, float, float, at::native::binary_internal::DivFunctor<float>>, at::detail::Array<char *, (int)3>>(int, T2, T3)"
0.0,9248,4,2312.0,2336.0,2080,2496,201.3,"void at::native::<unnamed>::distribution_elementwise_grid_stride_kernel<unsigned int, (int)4, void at::native::templates::cuda::random_from_to_kernel<at::CUDAGeneratorImpl *>(at::TensorIteratorBase &, unsigned long, long, T1)::[lambda() (instance 1)]::operator ()() const::[lambda() (instance 4)]::operator ()() const::[lambda(curandStatePhilox4_32_10 *) (instance 2)], void at::native::<unnamed>::distribution_nullary_kernel<long, unsigned int, uint4, at::CUDAGeneratorImpl *, void at::native::templates::cuda::random_from_to_kernel<at::CUDAGeneratorImpl *>(at::TensorIteratorBase &, unsigned long, long, T1)::[lambda() (instance 1)]::operator ()() const::[lambda() (instance 4)]::operator ()() const::[lambda(curandStatePhilox4_32_10 *) (instance 2)], void at::native::templates::cuda::random_from_to_kernel<at::CUDAGeneratorImpl *>(at::TensorIteratorBase &, unsigned long, long, T1)::[lambda() (instance 1)]::operator ()() const::[lambda() (instance 4)]::operator ()() const::[lambda(unsigned int) (instance 1)]>(at::TensorIteratorBase &, T4, const T5 &, T6)::[lambda(int, unsigned int) (instance 1)]>(int, at::PhiloxCudaState, T3, T4)"
0.0,4672,2,2336.0,2336.0,2208,2464,181.0,"void at::native::reduce_kernel<(int)512, (int)1, at::native::ReduceOp<float, at::native::MeanOps<float, float, float, float>, unsigned int, float, (int)4>>(T3)"
0.0,2848,2,1424.0,1424.0,1344,1504,113.1,"void at::native::vectorized_elementwise_kernel<(int)4, at::native::BinaryFunctor<long, long, bool, at::native::<unnamed>::CompareEqFunctor<long>>, at::detail::Array<char *, (int)3>>(int, T2, T3)"
